fileName,shopName,serviceName,
1.png,Egg'n Things 心斎橋店,Instagram,
2.png,裏参道ガーデン,Instagram,
3.png,カフェ・オーレー！水天宮,Instagram,
7.png,総本家更科堀井,食べログ,
8.png,築地 虎杖 裏店,食べログ,
9.png,ALILA SEMINYAK,Instagram,マッキーさん
10.png,John's Glill,Instagram,マッキーさん
11.png,Pizzeria Capoli,Instagram,マッキーさん
12.png,Steak House Indian's,Instagram,マッキーさん
13.png,地どりや隆勝,Instagram,マッキーさん
14.png,フードスケープ,Instagram,マッキーさん
15.png,Are,Instagram,マッキーさん
16.png,Van Council Japan,Instagram,マッキーさん
17.png,Cafe Habana Tokyo,Instagram,マッキーさん
18.png,恵比寿ちょこっと,Instagram,マッキーさん
19.png,L'atelier Motozo,Instagram,なら
20.png,Alfred Tea Room Aoyama,Instagram,なら
21.png,表参道ヒルズ（OMOTESANDO HILLS）,Instagram,なら
22.png,Honey Mi Honey,Instagram,なら
23.png,Mercer Cafe Terrace House,Instagram,なら
24.png,UMAMI BURGER,Instagram,なら
25.png,#表参道ランチ,Instagram,なら
26.png,HARUNO 表参道,Instagram,なら
27.png,BRITISH MADE,Instagram,なら
28.png,FELLOWS BURGER,Instagram,なら
29.png,ニコライバーグマン,Instagram,なら
30.png,ニコライバーグマン,Instagram,たの
31.png,リトル リマ（Little Lima）,Instagram,たの
32.png,ALOHA AMIGO: Harajuku,Instagram,たの
33.png,TEISYOKU SHOP,Instagram,たの
34.png,512cafe&grill,Instagram,たの
35.png,原宿電気商会,Instagram,たの
36.png,ALL C's CAFE(オールシーズカフェ),Instagram,たの
37.png,Chatmine Ginza,Instagram,たの
38.png,wakamai,Instagram,たの
39.png,成田ゆめ牧場,Instagram,たの
40-min.png,BILLS ODAIBA,Instagram,穣
41-min.png,WHITE COLLAR YOGURT,Instagram,穣
42-min.png,RYOGOKU KOKUGIKAN,Instagram,穣
43-min.png,グリルオーツ力,Instagram,穣
44-min.png,THE PENINSULA MANILA,Instagram,穣
45-min.png,THE WIZARDING WORLD OF HARRY POTTER,Instagram,穣
46-min.png,MAI LAN VIETNAMESE RESTAURANT,Instagram,穣
47-min.png,THE ドラえもん展 TOKYO 2017,Instagram,穣
48-min.png,そば処武蔵,Instagram,穣
49-min.png,山忠（やまちゅう）,Instagram,穣
50-min.png,TOKYO DISNEYSEA,Instagram,穣
51-min.png,いきなりステーキ六本木店,Instagram,穣
52-min.png,BIG WAVE SHRIMP,Instagram,穣
53-min.png,本家尾張屋烏丸店,Instagram,穣
54-min.png,FINNS BEACH CLUB,Instagram,穣
55-min.png,麻布十番焼肉BULLS,Instagram,穣
56-min.png,SHERATON PRINCESS KAIULANI,Instagram,穣
57-min.png,鹿角巷,Instagram,穣
58-min.png,アシエンダデルシエロ,Instagram,穣
59-min.png,とんかつ清水,Instagram,穣
60-min.png,高麗苑,Instagram,穣
61-min.png,鯛塩そば灯花,Instagram,穣
62-min.png,JEAN-PAUL HEVIN,Instagram,穣
63-min.png,アスコット,Instagram,穣
64-min.png,LEONARD'S BAKERY,Instagram,穣
65-min.png,ごだん宮ざわ,Instagram,穣
66-min.png,WOLFGANG'S STEAKHOUSE,Instagram,穣
67-min.png,GAKUGEI-DAIGAKU STATION,Instagram,穣
68-min.png,日光グルマンズ和牛,Instagram,穣
69-min.png,焼肉永福苑,Instagram,穣
70-min.png,"THE RITZ-CARLTON, KYOTO",Instagram,穣
71-min.png,こって牛,Instagram,穣
72-min.png,キャロットタワー,Instagram,穣
73-min.png,う桶や「う」,Instagram,穣
74-min.png,阪神サウナ,Instagram,穣
75-min.png,裏なんば虎目横丁,Instagram,穣
76-min.png,海底撈新宿店,Instagram,穣
77-min.png,神戸アンパンマンこどもミュージアム&モール,Instagram,穣
78-min.png,六本木ジュマンジ55,Instagram,穣
79-min.png,VACANZA,Instagram,穣
80-min.png,KASAHARA,Instagram,穣
81-min.png,鍋家,Instagram,穣
82-min.png,CHADLOU'S CAFE & ROASTERY・KAILU,Instagram,穣
83-min.png,焼鳥 あきら,Instagram,穣
84-min.png,パレスホテル東京,Instagram,穣
85-min.png,日本再生酒場もつやき処,Instagram,穣
86-min.png,カドクラ商店,Instagram,穣
87-min.png,POTATO HEAD BEACH CLUB BALI,Instagram,穣
88-min.png,熟成肉バル ワカヤマウッ,Instagram,穣
89-min.png,レンゲ料理店,Instagram,穣
90-min.png,MURRMA COFFEE STOP,Instagram,穣
91-min.png,洋食ハセガワ,Instagram,穣
92-min.png,フライングスコッツマン,Instagram,穣
93-min.png,奥湯河原温泉 海石榴 つばき,Instagram,穣
94-min.png,炭火焼鳥　ええとこ,Instagram,穣
95-min.png,Tas Yard,Instagram,穣
96-min.png,Bohod Cafe,Instagram,穣
97-min.png,堀江燈花,Instagram,穣
98-min.png,OWL X BLANC,Instagram,穣
99-min.png,IHOP,Instagram,穣
100-min.png,青山川上庵,Instagram,穣
101-min.png,板蕎麦香り家,Instagram,穣
102-min.png,TIM HO WAN,Instagram,穣
103-min.png,53 BY THE SEA,Instagram,穣
